<?xml version="1.0"?>
<!--<!DOCTYPE metadata SYSTEM "http://www.esri.com/metadata/esriprof80.dtd">-->
<metadata xml:lang="en"><Esri><MetaID>{A0323D1C-A8D5-49A1-A798-D7054B2AD476}</MetaID><CreaDate>20071207</CreaDate><CreaTime>14004900</CreaTime><SyncOnce>TRUE</SyncOnce><DataProperties><lineage><Process Name="Project_2" ToolSource="C:\Program Files\ArcGIS\ArcToolbox\Toolboxes\Data Management Tools.tbx\Project" Date="20071207" Time="140049">Project fr_continente C:\Z_trabalho\caop\CAOP_V1\ficticio\fr_continente_Project.shp PROJCS['Datum_73_Hayford_Gauss_IPCC',GEOGCS['GCS_Datum_73',DATUM['D_Datum_73',SPHEROID['International_1924',6378388.0,297.0]],PRIMEM['Greenwich',0.0],UNIT['Degree',0.0174532925199433]],PROJECTION['Transverse_Mercator'],PARAMETER['False_Easting',180.598],PARAMETER['False_Northing',-86.99],PARAMETER['Central_Meridian',-8.131906111111112],PARAMETER['Scale_Factor',1.0],PARAMETER['Latitude_Of_Origin',39.66666666666666],UNIT['Meter',1.0]] Datum_Lisboa_Hayford_To_Datum_73_2 PROJCS['Lisboa_Hayford_Gauss_IGeoE',GEOGCS['GCS_Datum_Lisboa_Hayford',DATUM['D_Datum_Lisboa_Hayford',SPHEROID['International_1924',6378388.0,297.0]],PRIMEM['Greenwich',0.0],UNIT['Degree',0.0174532925199433]],PROJECTION['Transverse_Mercator'],PARAMETER['False_Easting',200000.0],PARAMETER['False_Northing',300000.0],PARAMETER['Central_Meridian',-8.131906111111112],PARAMETER['Scale_Factor',1.0],PARAMETER['Latitude_Of_Origin',39.66666666666666],UNIT['Meter',1.0]]</Process></lineage></DataProperties></Esri></metadata>
